NOR; johannes thingnes boe; Biathlon; 4; -; 1; 3; 1993
ROC; alexander bolshunov; Cross Country Skiing; 3; 1; 1; 2; 1996
NOR; marte olsbu roeiseland; Biathlon; 3; -; 2; 1; 1990
NED; irene schouten; Speed skating; 3; -; 1; 2; 1992
NOR; therese johaug; Cross Country Skiing; 3; -; -; 3; 1988
FRA; quentin fillon maillet; Biathlon; 2; 3; -; 2; 1992
NOR; johannes hoesflot klaebo; Cross Country Skiing; 2; 1; 1; 2; 1996
NOR; tarjei boe; Biathlon; 2; 1; 1; 4; 1988
NED; suzanne schulting; Short Track Speed Skating; 2; 1; 1; 1; 1997
NOR; joergen graabak; Nordic Combined; 2; 1; -; 3; 1991
CHN; ailing eileen gu; Freestyle Skiing; 2; 1; -; 1; 2003
AUT; johannes strolz; Alpine Skiing; 2; 1; -; 1; 1992
GER; johannes ludwig; Luge; 2; -; -; 2; 1986
SWE; nils van der poel; Speed skating; 2; -; -; 2; 1996
USA; lindsey jacobellis; Snowboard; 2; -; -; 5; 1985
GER; thorsten margis; Bobsleigh; 2; -; -; 3; 1989
GER; natalie geisenberger; Luge; 2; -; -; 4; 1988
CHN; ziwei ren; Short Track Speed Skating; 2; -; -; 2; 1997
SLO; ursa bogataj; Ski Jumping; 2; -; -; 2; 1995
GER; francesco friedrich; Bobsleigh; 2; -; -; 3; 1990
JPN; miho takagi; Speed skating; 1; 3; -; 3; 1994
ITA; arianna fontana; Short Track Speed Skating; 1; 2; -; 5; 1990
SWE; elvira oeberg; Biathlon; 1; 2; -; 1; 1999
KOR; minjeong choi; Short Track Speed Skating; 1; 2; -; 2; 1998
NOR; tiril eckhoff; Biathlon; 1; 1; 1; 3; 1990
CAN; isabelle weidemann; Speed skating; 1; 1; 1; 2; 1995
SWE; jonna sundling; Cross Country Skiing; 1; 1; 1; 1; 1994
FIN; iivo niskanen; Cross Country Skiing; 1; 1; 1; 3; 1992
CAN; steven dubois; Short Track Speed Skating; 1; 1; 1; 1; 1997
ROC; natalia nepryaeva; Cross Country Skiing; 1; 1; 1; 1; 1995
GER; victoria carl; Cross Country Skiing; 1; 1; -; 2; 1995
GER; vinzenz geiger; Nordic Combined; 1; 1; -; 2; 1997
CHN; yiming su; Snowboard; 1; 1; -; 1; 2004
SLO; timi zajc; Ski Jumping; 1; 1; -; 2; 2000
CHN; mengtao xu; Freestyle Skiing; 1; 1; -; 4; 1990
ROC; denis spitsov; Cross Country Skiing; 1; 1; -; 2; 1996
JPN; ryoyu kobayashi; Ski Jumping; 1; 1; -; 2; 1996
AUT; manuel fettner; Ski Jumping; 1; 1; -; 2; 1985
NZL; zoi sadowski synnott; Snowboard; 1; 1; -; 2; 2001
AUT; katharina liensberger; Alpine Skiing; 1; 1; -; 2; 1997
SLO; peter prevc; Ski Jumping; 1; 1; -; 4; 1992
NED; thomas krol; Speed skating; 1; 1; -; 1; 1992
KOR; daeheon hwang; Short Track Speed Skating; 1; 1; -; 2; 1999
USA; nathan chen; Figure skating; 1; 1; -; 2; 1999
CHN; guangpu qi; Freestyle Skiing; 1; 1; -; 4; 1990
GER; katharina hennig; Cross Country Skiing; 1; 1; -; 2; 1996
NOR; jens luraas oftebro; Nordic Combined; 1; 1; -; 1; 2000
CAN; ivanie blondin; Speed skating; 1; 1; -; 3; 1990
HUN; shaoang liu; Short Track Speed Skating; 1; -; 2; 2; 1998
NED; ireen w√ºst; Speed skating; 1; -; 1; 5; 1986
SWE; oskar eriksson; Curling; 1; -; 1; 4; 1991
GER; denise herrmann; Biathlon; 1; -; 1; 3; 1988
CHN; chunyu qu; Short Track Speed Skating; 1; -; 1; 2; 1996
AUT; matthias mayer; Alpine Skiing; 1; -; 1; 3; 1990
SUI; lara gut - behrami; Alpine Skiing; 1; -; 1; 3; 1991
SUI; michelle gisin; Alpine Skiing; 1; -; 1; 3; 1993
ROC; yulia stupak; Cross Country Skiing; 1; -; 1; 2; 1995
SUI; mathilde gremaud; Freestyle Skiing; 1; -; 1; 2; 2000
CHN; kexin fan; Short Track Speed Skating; 1; -; 1; 3; 1993
NOR; vetle sjaastad christiansen; Biathlon; 1; -; 1; 1; 1992
CHN; yuting zhang; Short Track Speed Skating; 1; -; 1; 1; 1999
SLO; nika kriznar; Ski Jumping; 1; -; 1; 2; 2000
CAN; max parrot; Snowboard; 1; -; 1; 3; 1994
NOR; hallgeir engebraaten; Speed skating; 1; -; 1; 1; 1999
CAN; ann-renee desbiens; Ice Hockey; 1; -; -; 2; 1994
GBR; eve muirhead; Curling; 1; -; -; 4; 1990
FIN; niko ojamaki; Ice Hockey; 1; -; -; 1; 1995
CHN; tingyu gao; Speed skating; 1; -; -; 2; 1997
FIN; petteri lindbohm; Ice Hockey; 1; -; -; 1; 1993
CAN; pascal dion; Short Track Speed Skating; 1; -; -; 2; 1994
NOR; sturla holm laegreid; Biathlon; 1; -; -; 1; 1997
SVK; petra vlhova; Alpine Skiing; 1; -; -; 3; 1995
NOR; peder kongshaug; Speed skating; 1; -; -; 1; 2001
FIN; frans tuohimaa; Ice Hockey; 1; -; -; 1; 1991
CAN; emma maltais; Ice Hockey; 1; -; -; 1; 1999
CAN; renata fast; Ice Hockey; 1; -; -; 2; 1994
CAN; laura stacey; Ice Hockey; 1; -; -; 2; 1994
CHN; wenjing sui; Figure skating; 1; -; -; 2; 1995
SUI; ryan regez; Freestyle Skiing; 1; -; -; 1; 1993
GBR; hailey duff; Curling; 1; -; -; 1; 1997
USA; kaillie humphries; Bobsleigh; 1; -; -; 4; 1985
FIN; harri pesonen; Ice Hockey; 1; -; -; 1; 1988
ITA; stefania constantini; Curling; 1; -; -; 1; 1999
NOR; marius lindvik; Ski Jumping; 1; -; -; 1; 1998
GBR; mili smith; Curling; 1; -; -; 1; 1998
USA; christopher lillis; Freestyle Skiing; 1; -; -; 1; 1998
FIN; joonas nattinen; Ice Hockey; 1; -; -; 1; 1991
CAN; sarah nurse; Ice Hockey; 1; -; -; 2; 1995
SWE; daniel magnusson; Curling; 1; -; -; 1; 2000
CAN; charles hamelin; Short Track Speed Skating; 1; -; -; 5; 1984
CZE; ester ledecka; Snowboard; 1; -; -; 3; 1995
FRA; clement noel; Alpine Skiing; 1; -; -; 2; 1997
FIN; niklas friman; Ice Hockey; 1; -; -; 1; 1993
AUS; jakara anthony; Freestyle Skiing; 1; -; -; 2; 1998
NED; xandra velzeboer; Short Track Speed Skating; 1; -; -; 1; 2001
GER; tobias wendl; Luge; 1; -; -; 3; 1987
JPN; ayumu hirano; Snowboard; 1; -; -; 3; 1998
ROC; alexey chervotkin; Cross Country Skiing; 1; -; -; 2; 1995
FIN; saku maenalanen; Ice Hockey; 1; -; -; 1; 1994
AUT; katharina truppe; Alpine Skiing; 1; -; -; 1; 1996
CAN; natalie spooner; Ice Hockey; 1; -; -; 3; 1990
CHN; dajing wu; Short Track Speed Skating; 1; -; -; 3; 1994
ITA; amos mosaner; Curling; 1; -; -; 2; 1995
CAN; jillian saulnier; Ice Hockey; 1; -; -; 2; 1992
FIN; sakari manninen; Ice Hockey; 1; -; -; 2; 1992
FIN; toni rajala; Ice Hockey; 1; -; -; 1; 1991
FIN; jussi olkinuora; Ice Hockey; 1; -; -; 1; 1990
USA; justin schoenefeld; Freestyle Skiing; 1; -; -; 1; 1998
CAN; maxime laoun; Short Track Speed Skating; 1; -; -; 1; 1996
USA; chloe kim; Snowboard; 1; -; -; 2; 2000
ROC; veronika stepanova; Cross Country Skiing; 1; -; -; 1; 2001
SWE; christoffer sundgren; Curling; 1; -; -; 2; 1989
CHN; cong han; Figure skating; 1; -; -; 2; 1992
CAN; emerance maschmeyer; Ice Hockey; 1; -; -; 1; 1994
ROC; kamila valieva; Figure skating; 1; -; -; 1; 2006
GBR; vicky wright; Curling; 1; -; -; 1; 1993
SWE; hanna oeberg; Biathlon; 1; -; -; 2; 1995
USA; ashley caldwell; Freestyle Skiing; 1; -; -; 4; 1993
CAN; blayre turnbull; Ice Hockey; 1; -; -; 2; 1993
SUI; corinne suter; Alpine Skiing; 1; -; -; 2; 1994
NZL; nico porteous; Freestyle Skiing; 1; -; -; 2; 2001
BEL; bart swings; Speed skating; 1; -; -; 3; 1991
CAN; brianne jenner; Ice Hockey; 1; -; -; 3; 1991
AUT; benjamin karl; Snowboard; 1; -; -; 4; 1985
CAN; jocelyne larocque; Ice Hockey; 1; -; -; 3; 1988
SWE; linn persson; Biathlon; 1; -; -; 2; 1994
GER; tobias arlt; Luge; 1; -; -; 3; 1987
ROC; anna shcherbakova; Figure skating; 1; -; -; 1; 2004
USA; erin jackson; Speed skating; 1; -; -; 2; 1992
FIN; atte ohtamaa; Ice Hockey; 1; -; -; 2; 1987
CAN; valerie maltais; Speed skating; 1; -; -; 4; 1990
CAN; jordan pierre-gilles; Short Track Speed Skating; 1; -; -; 1; 1998
AUT; stefan kraft; Ski Jumping; 1; -; -; 2; 1993
AUT; katharina huber; Alpine Skiing; 1; -; -; 1; 1995
FRA; gabriella papadakis; Figure skating; 1; -; -; 2; 1995
CAN; marie-philip poulin; Ice Hockey; 1; -; -; 4; 1991
CAN; erin ambrose; Ice Hockey; 1; -; -; 1; 1994
AUT; michael matt; Alpine Skiing; 1; -; -; 2; 1993
CAN; jamie lee rattray; Ice Hockey; 1; -; -; 1; 1992
CAN; sarah fillier; Ice Hockey; 1; -; -; 1; 2000
GER; alexander schueller; Bobsleigh; 1; -; -; 1; 1997
FIN; valtteri kemilainen; Ice Hockey; 1; -; -; 1; 1991
ROC; sergey ustiugov; Cross Country Skiing; 1; -; -; 2; 1992
CAN; claire thompson; Ice Hockey; 1; -; -; 1; 1998
FIN; marko anttila; Ice Hockey; 1; -; -; 2; 1985
FRA; justine braisaz; Biathlon; 1; -; -; 2; 1996
USA; nick baumgartner; Snowboard; 1; -; -; 4; 1981
CAN; rebecca johnston; Ice Hockey; 1; -; -; 4; 1989
FIN; miro aaltonen; Ice Hockey; 1; -; -; 1; 1993
AUT; stefan brennsteiner; Alpine Skiing; 1; -; -; 2; 1991
SWE; mona brorsson; Biathlon; 1; -; -; 2; 1990
GER; candy bauer; Bobsleigh; 1; -; -; 2; 1986
NOR; erik valnes; Cross Country Skiing; 1; -; -; 1; 1996
NOR; sverre lunde pedersen; Speed skating; 1; -; -; 3; 1992
FIN; ville pokka; Ice Hockey; 1; -; -; 1; 1994
SUI; marco odermatt; Alpine Skiing; 1; -; -; 1; 1997
SWE; sara hector; Alpine Skiing; 1; -; -; 3; 1992
FIN; mikko lehtonen; Ice Hockey; 1; -; -; 2; 1994
GBR; jennifer dodds; Curling; 1; -; -; 1; 1991
NED; yara van kerkhof; Short Track Speed Skating; 1; -; -; 3; 1990
AUT; anna gasser; Snowboard; 1; -; -; 3; 1991
AUT; jan hoerl; Ski Jumping; 1; -; -; 1; 1998
AUT; daniel huber; Ski Jumping; 1; -; -; 1; 1993
GER; laura nolte; Bobsleigh; 1; -; -; 1; 1998
CAN; kristen campbell; Ice Hockey; 1; -; -; 1; 1997
FIN; teemu hartikainen; Ice Hockey; 1; -; -; 2; 1990
NOR; espen bjoernstad; Nordic Combined; 1; -; -; 1; 1993
FIN; iiro pakarinen; Ice Hockey; 1; -; -; 1; 1991
ROC; tatiana sorina; Cross Country Skiing; 1; -; -; 1; 1994
FIN; sami vatanen; Ice Hockey; 1; -; -; 2; 1991
SUI; beat feuz; Alpine Skiing; 1; -; -; 3; 1987
GER; christopher grotheer; Skeleton; 1; -; -; 2; 1992
CAN; micah zandee-hart; Ice Hockey; 1; -; -; 1; 1997
SWE; walter wallberg; Freestyle Skiing; 1; -; -; 2; 2000
GER; hannah neise; Skeleton; 1; -; -; 1; 2000
CAN; emily clark; Ice Hockey; 1; -; -; 2; 1995
NOR; birk ruud; Freestyle Skiing; 1; -; -; 1; 2000
SWE; niklas edin; Curling; 1; -; -; 4; 1985
SWE; sandra naeslund; Freestyle Skiing; 1; -; -; 3; 1996
ROC; mark kondratiuk; Figure skating; 1; -; -; 1; 2003
NOR; espen andersen; Nordic Combined; 1; -; -; 2; 1993
FRA; guillaume cizeron; Figure skating; 1; -; -; 2; 1994
FIN; markus granlund; Ice Hockey; 1; -; -; 1; 1993
CAN; ashton bell; Ice Hockey; 1; -; -; 1; 1999
NED; kjeld nuis; Speed skating; 1; -; -; 2; 1989
CAN; ella shelton; Ice Hockey; 1; -; -; 1; 1998
FIN; valtteri filppula; Ice Hockey; 1; -; -; 2; 1984
AUT; alessandro haemmerle; Snowboard; 1; -; -; 3; 1993
CAN; melodie daoust; Ice Hockey; 1; -; -; 3; 1992
NED; selma poutsma; Short Track Speed Skating; 1; -; -; 1; 1999
FIN; hannes bjorninen; Ice Hockey; 1; -; -; 1; 1995
FIN; juuso hietanen; Ice Hockey; 1; -; -; 3; 1985
SWE; rasmus wranaa; Curling; 1; -; -; 2; 1994
FIN; harri sateri; Ice Hockey; 1; -; -; 1; 1989
USA; alexander hall; Freestyle Skiing; 1; -; -; 2; 1998
GER; deborah levi; Bobsleigh; 1; -; -; 1; 1997
FIN; leo komarov; Ice Hockey; 1; -; -; 2; 1987
SWE; maja dahlqvist; Cross Country Skiing; -; 2; 1; 1; 1994
GER; johannes lochner; Bobsleigh; -; 2; -; 2; 1990
FRA; anais chevalier; Biathlon; -; 2; -; 3; 1993
GER; florian bauer; Bobsleigh; -; 2; -; 1; 1994
FRA; emilien jacquelin; Biathlon; -; 2; -; 1; 1995
NED; patrick roest; Speed skating; -; 2; -; 2; 1995
AUT; wolfgang kindl; Luge; -; 2; -; 4; 1988
ITA; federica brignone; Alpine Skiing; -; 1; 1; 4; 1990
FIN; kerttu niskanen; Cross Country Skiing; -; 1; 1; 3; 1988
ROC; uliana nigmatullina; Biathlon; -; 1; 1; 1; 1994
CAN; eliot grondin; Snowboard; -; 1; 1; 2; 2001
ITA; yuri confortola; Short Track Speed Skating; -; 1; 1; 5; 1986
ROC; kristina reztsova; Biathlon; -; 1; 1; 1; 
USA; elana meyers taylor; Bobsleigh; -; 1; 1; 4; 1984
ITA; francesca lollobrigida; Speed skating; -; 1; 1; 3; 1991
ITA; pietro sighel; Short Track Speed Skating; -; 1; 1; 1; 1999
NOR; aleksander aamodt kilde; Alpine Skiing; -; 1; 1; 3; 1992
ITA; andrea cassinelli; Short Track Speed Skating; -; 1; 1; 1; 1993
ITA; omar visintin; Snowboard; -; 1; 1; 3; 1989
USA; jessica diggins; Cross Country Skiing; -; 1; 1; 3; 1991
SUI; wendy holdener; Alpine Skiing; -; 1; 1; 3; 1993
JPN; yuma kagiyama; Figure skating; -; 1; 1; 1; 2003
USA; abby roque; Ice Hockey; -; 1; -; 1; 1997
ITA; michela moioli; Snowboard; -; 1; -; 3; 1995
USA; savannah harmon; Ice Hockey; -; 1; -; 1; 1995
USA; kendall coyne; Ice Hockey; -; 1; -; 3; 1992
KOR; min kyu cha; Speed skating; -; 1; -; 2; 1993
JPN; yurika yoshida; Curling; -; 1; -; 2; 1993
ROC; anton slepyshev; Ice Hockey; -; 1; -; 1; 1994
CHN; zongyang jia; Freestyle Skiing; -; 1; -; 4; 1991
NED; jutta leerdam; Speed skating; -; 1; -; 1; 1998
USA; dani cameranesi; Ice Hockey; -; 1; -; 2; 1995
ITA; arianna valcepina; Short Track Speed Skating; -; 1; -; 1; 1994
ROC; evgenia tarasova; Figure skating; -; 1; -; 2; 1994
USA; hayley scamurra; Ice Hockey; -; 1; -; 1; 1994
JPN; satsuki fujisawa; Curling; -; 1; -; 2; 1991
CAN; laurent dubreuil; Speed skating; -; 1; -; 2; 1992
FRA; chloe trespeuch; Snowboard; -; 1; -; 3; 1994
AUT; madeleine egle; Luge; -; 1; -; 2; 1998
NOR; emil iversen; Cross Country Skiing; -; 1; -; 2; 1991
ROC; sergei telegin; Ice Hockey; -; 1; -; 1; 2000
KOR; jaewon chung; Speed skating; -; 1; -; 2; 2001
USA; hannah brandt; Ice Hockey; -; 1; -; 2; 1993
GBR; bruce mouat; Curling; -; 1; -; 1; 1994
USA; grace zumwinkle; Ice Hockey; -; 1; -; 1; 1999
ROC; andrei chibisov; Ice Hockey; -; 1; -; 1; 1993
GER; toni eggert; Luge; -; 1; -; 3; 1988
USA; alex cavallini; Ice Hockey; -; 1; -; 1; 1992
ROC; vladimir morozov; Figure skating; -; 1; -; 2; 1992
AUS; scotty james; Snowboard; -; 1; -; 4; 1994
ROC; dmitrii voronkov; Ice Hockey; -; 1; -; 1; 2000
SLO; zan kranjec; Alpine Skiing; -; 1; -; 3; 1992
FRA; fabien claude; Biathlon; -; 1; -; 1; 1994
ROC; vyacheslav voynov; Ice Hockey; -; 1; -; 3; 1990
ROC; sergei andronov; Ice Hockey; -; 1; -; 2; 1989
USA; karen chen; Figure skating; -; 1; -; 2; 1999
GBR; ross whyte; Curling; -; 1; -; 1; 1998
KOR; yoongy kwak; Short Track Speed Skating; -; 1; -; 1; 1989
ROC; ivan yakimushkin; Cross Country Skiing; -; 1; -; 1; 1996
USA; megan bozek; Ice Hockey; -; 1; -; 2; 1991
ROC; mikhail grigorenko; Ice Hockey; -; 1; -; 2; 1994
FRA; tess ledeux; Freestyle Skiing; -; 1; -; 2; 2001
NOR; mons roisland; Snowboard; -; 1; -; 2; 1997
ESP; queralt castellet; Snowboard; -; 1; -; 5; 1989
ROC; ivan fedotov; Ice Hockey; -; 1; -; 1; 1996
KOR; yubin lee; Short Track Speed Skating; -; 1; -; 2; 2001
BLR; hanna huskova; Freestyle Skiing; -; 1; -; 1; 1992
ROC; aleksandr nikishin; Ice Hockey; -; 1; -; 1; 2001
USA; nicole hensley; Ice Hockey; -; 1; -; 2; 1994
KOR; dongwook kim; Short Track Speed Skating; -; 1; -; 1; 1993
FRA; johan clarey; Alpine Skiing; -; 1; -; 4; 1981
UKR; oleksandr abramenko; Freestyle Skiing; -; 1; -; 5; 1988
JPN; ayano sato; Speed skating; -; 1; -; 2; 1996
GER; sascha benecken; Luge; -; 1; -; 3; 1990
GER; eric frenzel; Nordic Combined; -; 1; -; 4; 1988
USA; kelly pannek; Ice Hockey; -; 1; -; 2; 1995
USA; jincy dunne; Ice Hockey; -; 1; -; 1; 1997
FRA; julia simon; Biathlon; -; 1; -; 1; 1996
GBR; bobby lammie; Curling; -; 1; -; 1; 1997
USA; amanda kessel; Ice Hockey; -; 1; -; 3; 1991
ROC; nikita nesterov; Ice Hockey; -; 1; -; 2; 1993
ROC; egor iakovlev; Ice Hockey; -; 1; -; 1; 1991
GER; linus strasser; Alpine Skiing; -; 1; -; 2; 1992
USA; jesse compher; Ice Hockey; -; 1; -; 1; 1999
USA; abbey murphy; Ice Hockey; -; 1; -; 1; 2002
USA; vincent zhou; Figure skating; -; 1; -; 2; 2000
USA; david wise; Freestyle Skiing; -; 1; -; 3; 1990
USA; colby stevenson; Freestyle Skiing; -; 1; -; 1; 1997
USA; nicholas goepper; Freestyle Skiing; -; 1; -; 3; 1994
SWE; martin ponsiluoma; Biathlon; -; 1; -; 2; 1995
KOR; whi min seo; Short Track Speed Skating; -; 1; -; 1; 2002
USA; brianna decker; Ice Hockey; -; 1; -; 3; 1991
ROC; alexandra trusova; Figure skating; -; 1; -; 1; 2004
ROC; irina avvakumova; Ski Jumping; -; 1; -; 3; 1991
KOR; janghyuk park; Short Track Speed Skating; -; 1; -; 1; 1998
GER; alexander schmid; Alpine Skiing; -; 1; -; 2; 1994
GER; christian rasp; Bobsleigh; -; 1; -; 2; 1989
ROC; irma makhinia; Ski Jumping; -; 1; -; 1; 2002
NOR; kristin skaslien; Curling; -; 1; -; 2; 1986
ROC; aleksandr samonov; Ice Hockey; -; 1; -; 1; 1995
USA; julia marino; Snowboard; -; 1; -; 2; 1997
GER; emma aicher; Alpine Skiing; -; 1; -; 1; 2003
USA; alex carpenter; Ice Hockey; -; 1; -; 2; 1994
ROC; daniil aldoshkin; Speed skating; -; 1; -; 1; 2001
GER; axel jungk; Skeleton; -; 1; -; 2; 1991
ITA; martina valcepina; Short Track Speed Skating; -; 1; -; 4; 1992
CAN; cassie sharpe; Freestyle Skiing; -; 1; -; 2; 1992
NOR; magnus nedregotten; Curling; -; 1; -; 2; 1990
FRA; simon desthieux; Biathlon; -; 1; -; 1; 1991
GER; mariama jamanka; Bobsleigh; -; 1; -; 2; 1990
ROC; nikita katsalapov; Figure skating; -; 1; -; 2; 1991
GER; katherine sauerbrey; Cross Country Skiing; -; 1; -; 1; 1997
ROC; svetlana mironova; Biathlon; -; 1; -; 1; 1994
JPN; yumi suzuki; Curling; -; 1; -; 2; 1991
ROC; sergei plotnikov; Ice Hockey; -; 1; -; 1; 1990
USA; ryan cochran-siegle; Alpine Skiing; -; 1; -; 2; 1992
ROC; artem minulin; Ice Hockey; -; 1; -; 1; 1998
ROC; alexander elesin; Ice Hockey; -; 1; -; 1; 1996
ROC; artur kayumov; Ice Hockey; -; 1; -; 1; 1998
FIN; joni maeki; Cross Country Skiing; -; 1; -; 1; 1995
GER; julian schmid; Nordic Combined; -; 1; -; 1; 1999
ROC; danil sadreev; Ski Jumping; -; 1; -; 1; 2003
GBR; hammy mcmillan; Curling; -; 1; -; 1; 1992
ROC; konstantin ivliev; Short Track Speed Skating; -; 1; -; 1; 2000
ROC; irina kazakevich; Biathlon; -; 1; -; 1; 1997
ROC; kirill semenov; Ice Hockey; -; 1; -; 1; 1994
ROC; damir sharipzianov; Ice Hockey; -; 1; -; 1; 1996
USA; jaelin kauf; Freestyle Skiing; -; 1; -; 2; 1996
AUT; mirjam puchner; Alpine Skiing; -; 1; -; 1; 1992
KOR; juneseo lee; Short Track Speed Skating; -; 1; -; 1; 2000
SLO; tim mastnak; Snowboard; -; 1; -; 2; 1991
NOR; paal golberg; Cross Country Skiing; -; 1; -; 3; 1990
CAN; marielle thompson; Freestyle Skiing; -; 1; -; 3; 1992
USA; megan keller; Ice Hockey; -; 1; -; 2; 1996
ROC; vladimir tkachev; Ice Hockey; -; 1; -; 1; 1993
SLO; cene prevc; Ski Jumping; -; 1; -; 1; 1996
BLR; anton smolski; Biathlon; -; 1; -; 2; 1996
ROC; arseniy gritsyuk; Ice Hockey; -; 1; -; 1; 2001
ROC; ruslan zakharov; Speed skating; -; 1; -; 3; 1987
GER; katharina althaus; Ski Jumping; -; 1; -; 1; 1996
ROC; evgeniy klimov; Ski Jumping; -; 1; -; 3; 1994
USA; cayla barnes; Ice Hockey; -; 1; -; 2; 1999
USA; maddie rooney; Ice Hockey; -; 1; -; 2; 1997
CAN; mikael kingsbury; Freestyle Skiing; -; 1; -; 3; 1992
ROC; nikita gusev; Ice Hockey; -; 1; -; 2; 1992
JPN; chinami yoshida; Curling; -; 1; -; 3; 1991
AUS; jackie narracott; Skeleton; -; 1; -; 2; 1990
GER; manuel faisst; Nordic Combined; -; 1; -; 1; 1993
GER; lena duerr; Alpine Skiing; -; 1; -; 2; 1991
USA; lee stecklein; Ice Hockey; -; 1; -; 3; 1994
KOR; alang kim; Short Track Speed Skating; -; 1; -; 3; 1995
USA; caroline harvey; Ice Hockey; -; 1; -; 1; 2002
ROC; victoria sinitsina; Figure skating; -; 1; -; 2; 1995
ROC; sergey trofimov; Speed skating; -; 1; -; 2; 1995
GER; alexandra burghardt; Bobsleigh; -; 1; -; 1; 1994
ROC; pavel karnaukhov; Ice Hockey; -; 1; -; 1; 1997
SLO; lovro kos; Ski Jumping; -; 1; -; 1; 1999
AUT; daniela ulbing; Snowboard; -; 1; -; 2; 1998
ITA; federico pellegrino; Cross Country Skiing; -; 1; -; 3; 1990
GER; christopher weber; Bobsleigh; -; 1; -; 2; 1991
CHN; wenlong li; Short Track Speed Skating; -; 1; -; 1; 2001
ROC; vadim shipachyov; Ice Hockey; -; 1; -; 2; 1987
ROC; stanislav galiev; Ice Hockey; -; 1; -; 1; 1992
USA; hilary knight; Ice Hockey; -; 1; -; 4; 1989
SUI; alex fiva; Freestyle Skiing; -; 1; -; 3; 1986
ITA; sofia goggia; Alpine Skiing; -; 1; -; 2; 1992
JPN; nana takagi; Speed skating; -; 1; -; 3; 1992
ROC; timur bilialov; Ice Hockey; -; 1; -; 1; 1995
GER; sofie krehl; Cross Country Skiing; -; 1; -; 1; 1995
JPN; kotomi ishizaki; Curling; -; 1; -; 3; 1979
GER; anna berreiter; Luge; -; 1; -; 1; 1999
GER; julian rauchfuss; Alpine Skiing; -; 1; -; 1; 1994
GBR; grant hardie; Curling; -; 1; -; 1; 1992
NOR; hans christer holund; Cross Country Skiing; -; 1; -; 2; 1989
ROC; eduard latypov; Biathlon; -; -; 3; 1; 
CAN; meryeta odine; Snowboard; -; -; 2; 2; 1997
GER; karl geiger; Ski Jumping; -; -; 2; 2; 1993
ROC; alexander terentev; Cross Country Skiing; -; -; 2; 1; 1999
ROC; alexander loginov; Biathlon; -; -; 2; 2; 1992
JPN; akito watabe; Nordic Combined; -; -; 2; 5; 1988
JPN; kaori sakamoto; Figure skating; -; -; 2; 2; 2000
NED; antoinette de jong; Speed skating; -; -; 2; 3; 1995
JPN; shoma uno; Figure skating; -; -; 2; 2; 1997
NOR; simen hegstad krueger; Cross Country Skiing; -; -; 1; 2; 1993
FIN; sofianna sundelin; Ice Hockey; -; -; 1; 1; 2003
NOR; maria therese tviberg; Alpine Skiing; -; -; 1; 1; 1994
GER; franziska preuss; Biathlon; -; -; 1; 3; 1994
FRA; richard jouve; Cross Country Skiing; -; -; 1; 2; 1994
FIN; eveliina makinen; Ice Hockey; -; -; 1; 1; 1995
USA; joey mantia; Speed skating; -; -; 1; 3; 1986
CAN; cameron stones; Bobsleigh; -; -; 1; 2; 1992
CAN; lewis irving; Freestyle Skiing; -; -; 1; 2; 1995
SVK; samuel knazko; Ice Hockey; -; -; 1; 1; 2002
KOR; seung hoon lee; Speed skating; -; -; 1; 4; 1988
JPN; wakaba higuchi; Figure skating; -; -; 1; 1; 2001
AUS; tess coady; Snowboard; -; -; 1; 1; 2000
FIN; jenni hiirikoski; Ice Hockey; -; -; 1; 4; 1987
ROC; maxim tsvetkov; Biathlon; -; -; 1; 1; 1992
CAN; brad gushue; Curling; -; -; 1; 2; 1980
SVK; simon nemec; Ice Hockey; -; -; 1; 1; 2004
FIN; sanni hakala; Ice Hockey; -; -; 1; 2; 1997
SVK; mislav rosandic; Ice Hockey; -; -; 1; 1; 1995
SLO; gloria kotnik; Snowboard; -; -; 1; 4; 1989
ITA; dorothea wierer; Biathlon; -; -; 1; 3; 1990
SVK; pavol regenda; Ice Hockey; -; -; 1; 1; 1999
ROC; semen elistratov; Short Track Speed Skating; -; -; 1; 1; 1990
SWE; almida de val; Curling; -; -; 1; 1; 1997
NOR; fabian wilkens solheim; Alpine Skiing; -; -; 1; 1; 1996
AUT; thomas steu; Luge; -; -; 1; 2; 1994
SWE; frida karlsson; Cross Country Skiing; -; -; 1; 1; 1999
FIN; viivi vainikka; Ice Hockey; -; -; 1; 1; 2001
SVK; matej tomek; Ice Hockey; -; -; 1; 1; 1997
ITA; dominik fischnaller; Luge; -; -; 1; 3; 1993
SVK; michal cajkovsky; Ice Hockey; -; -; 1; 2; 1992
NOR; mina fuerst holtmann; Alpine Skiing; -; -; 1; 1; 1995
GER; markus eisenbichler; Ski Jumping; -; -; 1; 2; 1991
FIN; michelle karvinen; Ice Hockey; -; -; 1; 4; 1990
JPN; ryota yamamoto; Nordic Combined; -; -; 1; 1; 1997
SVK; samuel takac; Ice Hockey; -; -; 1; 1; 1991
USA; madison hubbell; Figure skating; -; -; 1; 2; 1991
FIN; julia liikala; Ice Hockey; -; -; 1; 1; 2001
JPN; sena tomita; Snowboard; -; -; 1; 2; 1999
POL; dawid kubacki; Ski Jumping; -; -; 1; 3; 1990
KOR; min seok kim; Speed skating; -; -; 1; 2; 1999
FRA; clement parisse; Cross Country Skiing; -; -; 1; 2; 1993
SWE; sara mcmanus; Curling; -; -; 1; 2; 1991
HUN; zsofia konya; Short Track Speed Skating; -; -; 1; 3; 1995
LAT; eliza tiruma; Luge; -; -; 1; 3; 1990
SVK; patrik rybar; Ice Hockey; -; -; 1; 2; 1993
USA; emery lehman; Speed skating; -; -; 1; 3; 1996
NOR; havard lorentzen; Speed skating; -; -; 1; 3; 1992
AUT; teresa stadlober; Cross Country Skiing; -; -; 1; 3; 1993
USA; alex ferreira; Freestyle Skiing; -; -; 1; 2; 1994
CAN; mackenzie boyd-clowes; Ski Jumping; -; -; 1; 4; 1991
SWE; sofia mabergs; Curling; -; -; 1; 2; 1993
CAN; rachel karker; Freestyle Skiing; -; -; 1; 1; 1997
BEL; hanne desmet; Short Track Speed Skating; -; -; 1; 1; 1996
CZE; martina sablikova; Speed skating; -; -; 1; 5; 1987
GER; vanessa hinz; Biathlon; -; -; 1; 2; 1992
CAN; ben coakwell; Bobsleigh; -; -; 1; 3; 1987
ITA; davide ghiotto; Speed skating; -; -; 1; 2; 1993
FIN; ronja savolainen; Ice Hockey; -; -; 1; 2; 1997
GER; stephan leyhe; Ski Jumping; -; -; 1; 2; 1992
FRA; hugo lapalus; Cross Country Skiing; -; -; 1; 1; 1998
SVK; martin marincin; Ice Hockey; -; -; 1; 2; 1992
FIN; nelli laitinen; Ice Hockey; -; -; 1; 1; 2002
CAN; marc kennedy; Curling; -; -; 1; 3; 1982
GER; matthias sommer; Bobsleigh; -; -; 1; 1; 1991
AUT; lorenz koller; Luge; -; -; 1; 2; 1994
CAN; alexandria loutitt; Ski Jumping; -; -; 1; 1; 2004
LAT; kristers aparjods; Luge; -; -; 1; 2; 1998
FIN; anni keisala; Ice Hockey; -; -; 1; 1; 1997
NOR; thea louise stjernesund; Alpine Skiing; -; -; 1; 2; 1996
HUN; shaolin sandor liu; Short Track Speed Skating; -; -; 1; 3; 1995
SVK; branislav konrad; Ice Hockey; -; -; 1; 2; 1987
SVK; adrian holesinsky; Ice Hockey; -; -; 1; 1; 1996
USA; casey dawson; Speed skating; -; -; 1; 1; 2000
SVK; peter ceresnak; Ice Hockey; -; -; 1; 2; 1993
SVK; marko dano; Ice Hockey; -; -; 1; 1; 1994
SVK; milos kelemen; Ice Hockey; -; -; 1; 1; 1999
CHN; chutong zhang; Short Track Speed Skating; -; -; 1; 1; 2003
CAN; miha fontaine; Freestyle Skiing; -; -; 1; 1; 2004
FIN; sanni vanhanen; Ice Hockey; -; -; 1; 1; 2005
FIN; meeri raisanen; Ice Hockey; -; -; 1; 3; 1989
FRA; mathieu faivre; Alpine Skiing; -; -; 1; 3; 1992
SVK; peter zuzin; Ice Hockey; -; -; 1; 1; 1990
CAN; ryan sommer; Bobsleigh; -; -; 1; 1; 1993
SUI; jan scherrer; Snowboard; -; -; 1; 3; 1994
NED; kimberley bos; Skeleton; -; -; 1; 2; 1993
CHN; wengang yan; Skeleton; -; -; 1; 1; 1997
ROC; anastasiia smirnova; Freestyle Skiing; -; -; 1; 1; 2002
GER; vanessa voigt; Biathlon; -; -; 1; 1; 1997
ROC; vic wild; Snowboard; -; -; 1; 3; 1986
SVK; kristian pospisil; Ice Hockey; -; -; 1; 1; 1996
ROC; sergey ridzik; Freestyle Skiing; -; -; 1; 2; 1992
CAN; mark mcmorris; Snowboard; -; -; 1; 3; 1993
SVK; marek hrivik; Ice Hockey; -; -; 1; 1; 1991
ROC; angelina golikova; Speed skating; -; -; 1; 3; 1991
SWE; henrik harlaut; Freestyle Skiing; -; -; 1; 3; 1991
SVK; martin gernat; Ice Hockey; -; -; 1; 1; 1993
USA; ethan cepuran; Speed skating; -; -; 1; 1; 2000
USA; megan nick; Freestyle Skiing; -; -; 1; 1; 1996
ROC; ilia burov; Freestyle Skiing; -; -; 1; 3; 1991
FIN; elisa holopainen; Ice Hockey; -; -; 1; 1; 2001
JPN; ikuma horishima; Freestyle Skiing; -; -; 1; 2; 1997
CAN; christine de bruin; Bobsleigh; -; -; 1; 2; 1989
SVK; juraj slafkovsky; Ice Hockey; -; -; 1; 1; 2004
FIN; krista parmakoski; Cross Country Skiing; -; -; 1; 4; 1990
JPN; wataru morishige; Speed skating; -; -; 1; 1; 2000
ROC; anastasia mishina; Figure skating; -; -; 1; 1; 
GER; daniela maier; Freestyle Skiing; -; -; 1; 1; 1996
SVK; michal kristof; Ice Hockey; -; -; 1; 2; 1993
USA; sylvia hoffman; Bobsleigh; -; -; 1; 1; 1989
SWE; johanna heldin; Curling; -; -; 1; 1; 1994
FIN; ella viitasuo; Ice Hockey; -; -; 1; 2; 1996
SVK; libor hudacek; Ice Hockey; -; -; 1; 1; 1990
CAN; marion thenault; Freestyle Skiing; -; -; 1; 1; 2000
ROC; said karimulla khalili; Biathlon; -; -; 1; 1; 1998
CAN; matthew soukup; Ski Jumping; -; -; 1; 1; 1997
CAN; james crawford; Alpine Skiing; -; -; 1; 2; 1997
CAN; kim boutin; Short Track Speed Skating; -; -; 1; 2; 1994
JPN; hideaki nagai; Nordic Combined; -; -; 1; 3; 1983
NOR; timon haugan; Alpine Skiing; -; -; 1; 1; 1996
FIN; noora tulus; Ice Hockey; -; -; 1; 2; 1995
CHN; yutong han; Short Track Speed Skating; -; -; 1; 2; 1994
CAN; abigail strate; Ski Jumping; -; -; 1; 1; 2001
CAN; geoff walker; Curling; -; -; 1; 2; 1985
FIN; sanni rantala; Ice Hockey; -; -; 1; 1; 2002
JPN; kokomo murase; Snowboard; -; -; 1; 1; 2004
SWE; anna hasselborg; Curling; -; -; 1; 2; 1989
ITA; tommaso dotti; Short Track Speed Skating; -; -; 1; 3; 1993
GER; constantin schmid; Ski Jumping; -; -; 1; 1; 1999
ROC; tatyana ivanova; Luge; -; -; 1; 3; 1991
ITA; nadia delago; Alpine Skiing; -; -; 1; 1; 1997
CAN; brett gallant; Curling; -; -; 1; 1; 1990
CAN; justin kripps; Bobsleigh; -; -; 1; 4; 1987
GER; christoph hafer; Bobsleigh; -; -; 1; 1; 1992
FIN; susanna tapani; Ice Hockey; -; -; 1; 3; 1993
NOR; rasmus windingstad; Alpine Skiing; -; -; 1; 1; 1993
FIN; emilia vesa; Ice Hockey; -; -; 1; 1; 2001
FIN; tanja niskanen; Ice Hockey; -; -; 1; 2; 1992
HUN; john-henry krueger; Short Track Speed Skating; -; -; 1; 2; 1995
SWE; agnes knochenhauer; Curling; -; -; 1; 1; 1989
CAN; mark nichols; Curling; -; -; 1; 2; 1980
FIN; jenniina nylund; Ice Hockey; -; -; 1; 1; 1999
SVK; milos roman; Ice Hockey; -; -; 1; 1; 1999
USA; zachary donohue; Figure skating; -; -; 1; 2; 1991
FIN; petra nieminen; Ice Hockey; -; -; 1; 2; 1999
FRA; maurice manificat; Cross Country Skiing; -; -; 1; 4; 1986
AUT; lukas greiderer; Nordic Combined; -; -; 1; 1; 1993
SVK; marek daloga; Ice Hockey; -; -; 1; 2; 1989
SVK; peter cehlarik; Ice Hockey; -; -; 1; 1; 1995
USA; brittany bowe; Speed skating; -; -; 1; 3; 1988
FIN; minnamari tuominen; Ice Hockey; -; -; 1; 4; 1990
SVK; tomas jurco; Ice Hockey; -; -; 1; 2; 1992
NOR; sebastian foss-solevaag; Alpine Skiing; -; -; 1; 1; 1991
SWE; jesper tjader; Freestyle Skiing; -; -; 1; 3; 1994
SWE; ebba andersson; Cross Country Skiing; -; -; 1; 2; 1997
ROC; aleksandr galliamov; Figure skating; -; -; 1; 1; 
EST; kelly sildaru; Freestyle Skiing; -; -; 1; 1; 2002
HUN; petra jaszapati; Short Track Speed Skating; -; -; 1; 2; 1998
NED; marijke groenewoud; Speed skating; -; -; 1; 1; 1999
JPN; yoshito watabe; Nordic Combined; -; -; 1; 3; 1991
FIN; sini karjalainen; Ice Hockey; -; -; 1; 1; 1999