Beijing,2022,Winter,Alpine Skiing,Men's Alpine Combined,1,AUT,2:31.43,
Beijing,2022,Winter,Alpine Skiing,Men's Alpine Combined,2,NOR,2:32.02,
Beijing,2022,Winter,Alpine Skiing,Men's Alpine Combined,3,CAN,2:32.11,
Beijing,2022,Winter,Alpine Skiing,Men's Alpine Combined,4,SUI,2:32.29,
Beijing,2022,Winter,Alpine Skiing,Men's Alpine Combined,5,AUT,2:32.71,
Beijing,2022,Winter,Alpine Skiing,Men's Alpine Combined,6,ISR,2:33.18,
Beijing,2022,Winter,Alpine Skiing,Men's Alpine Combined,7,AUT,2:33.27,
Beijing,2022,Winter,Alpine Skiing,Men's Alpine Combined,8,CAN,2:34.20,
Beijing,2022,Winter,Alpine Skiing,Men's Alpine Combined,9,CAN,2:35.03,
Beijing,2022,Winter,Alpine Skiing,Men's Alpine Combined,10,ITA,2:35.80,
Beijing,2022,Winter,Alpine Skiing,Men's Alpine Combined,11,LIE,2:36.40,
Beijing,2022,Winter,Alpine Skiing,Men's Alpine Combined,12,IRL,2:37.74,
Beijing,2022,Winter,Alpine Skiing,Men's Alpine Combined,13,MON,2:44.20,
Beijing,2022,Winter,Alpine Skiing,Men's Alpine Combined,14,UKR,2:44.43,
Beijing,2022,Winter,Alpine Skiing,Men's Alpine Combined,15,KOS,2:48.29,
Beijing,2022,Winter,Alpine Skiing,Men's Alpine Combined,16,CHN,2:49.72,
Beijing,2022,Winter,Alpine Skiing,Men's Alpine Combined,17,CHN,3:00.40,
Beijing,2022,Winter,Alpine Skiing,Men's Alpine Combined,,CZE,DNF,
Beijing,2022,Winter,Alpine Skiing,Men's Alpine Combined,,FRA,DNF,
Beijing,2022,Winter,Alpine Skiing,Men's Alpine Combined,,SUI,DNF,
Beijing,2022,Winter,Alpine Skiing,Men's Alpine Combined,,SUI,DNF,
Beijing,2022,Winter,Alpine Skiing,Men's Alpine Combined,,GER,DNF,
Beijing,2022,Winter,Alpine Skiing,Men's Alpine Combined,,CAN,DNF,
Beijing,2022,Winter,Alpine Skiing,Men's Alpine Combined,,CHI,DNF,
Beijing,2022,Winter,Alpine Skiing,Men's Alpine Combined,,SLO,DNF,
Beijing,2022,Winter,Alpine Skiing,Men's Alpine Combined,,SLO,DNF,
Beijing,2022,Winter,Alpine Skiing,Men's Alpine Combined,,SUI,DNF,
Beijing,2022,Winter,Alpine Skiing,Men's Downhill,1,SUI,1:42.69,
Beijing,2022,Winter,Alpine Skiing,Men's Downhill,2,FRA,1:42.79,
Beijing,2022,Winter,Alpine Skiing,Men's Downhill,3,AUT,1:42.85,
Beijing,2022,Winter,Alpine Skiing,Men's Downhill,4,CAN,1:42.92,
Beijing,2022,Winter,Alpine Skiing,Men's Downhill,5,NOR,1:43.20,
Beijing,2022,Winter,Alpine Skiing,Men's Downhill,6,ITA,1:43.21,
Beijing,2022,Winter,Alpine Skiing,Men's Downhill,7,SUI,1:43.40,
Beijing,2022,Winter,Alpine Skiing,Men's Downhill,8,AUT,1:43.45,
Beijing,2022,Winter,Alpine Skiing,Men's Downhill,9,AUT,1:43.52,
Beijing,2022,Winter,Alpine Skiing,Men's Downhill,10,SLO,1:43.75,
Beijing,2022,Winter,Alpine Skiing,Men's Downhill,11,FRA,1:43.82,
Beijing,2022,Winter,Alpine Skiing,Men's Downhill,11,NOR,1:43.82,
Beijing,2022,Winter,Alpine Skiing,Men's Downhill,13,GER,1:43.84,
Beijing,2022,Winter,Alpine Skiing,Men's Downhill,14,USA,1:43.91,
Beijing,2022,Winter,Alpine Skiing,Men's Downhill,15,ITA,1:44.06,
Beijing,2022,Winter,Alpine Skiing,Men's Downhill,16,SUI,1:44.08,
Beijing,2022,Winter,Alpine Skiing,Men's Downhill,17,ESP,1:44.12,
Beijing,2022,Winter,Alpine Skiing,Men's Downhill,17,GER,1:44.12,
Beijing,2022,Winter,Alpine Skiing,Men's Downhill,19,USA,1:44.25,
Beijing,2022,Winter,Alpine Skiing,Men's Downhill,20,USA,1:44.39,
Beijing,2022,Winter,Alpine Skiing,Men's Downhill,21,AUT,1:44.59,
Beijing,2022,Winter,Alpine Skiing,Men's Downhill,22,CAN,1:44.68,
Beijing,2022,Winter,Alpine Skiing,Men's Downhill,23,GER,1:44.69,
Beijing,2022,Winter,Alpine Skiing,Men's Downhill,24,SLO,1:44.71,
Beijing,2022,Winter,Alpine Skiing,Men's Downhill,25,SUI,1:44.95,
Beijing,2022,Winter,Alpine Skiing,Men's Downhill,26,FRA,1:45.00,
Beijing,2022,Winter,Alpine Skiing,Men's Downhill,27,FRA,1:45.23,
Beijing,2022,Winter,Alpine Skiing,Men's Downhill,28,LIE,1:45.79,
Beijing,2022,Winter,Alpine Skiing,Men's Downhill,29,MON,1:46.25,
Beijing,2022,Winter,Alpine Skiing,Men's Downhill,30,ISR,1:46.88,
Beijing,2022,Winter,Alpine Skiing,Men's Downhill,31,IRL,1:47.61,
Beijing,2022,Winter,Alpine Skiing,Men's Downhill,32,CHI,1:47.69,
Beijing,2022,Winter,Alpine Skiing,Men's Downhill,33,UKR,1:48.09,
Beijing,2022,Winter,Alpine Skiing,Men's Downhill,34,BOL,1:48.26,
Beijing,2022,Winter,Alpine Skiing,Men's Downhill,35,KOS,1:52.44,
Beijing,2022,Winter,Alpine Skiing,Men's Downhill,36,CHN,1:56.93,
Beijing,2022,Winter,Alpine Skiing,Men's Downhill,,GER,,Did not finish
Beijing,2022,Winter,Alpine Skiing,Men's Downhill,,ITA,,Did not finish
Beijing,2022,Winter,Alpine Skiing,Men's Downhill,,CAN,,Did not finish
Beijing,2022,Winter,Alpine Skiing,Men's Downhill,,SRB,,Did not finish
Beijing,2022,Winter,Alpine Skiing,Men's Downhill,,SLO,,Did not finish
Beijing,2022,Winter,Alpine Skiing,Men's Downhill,,CHN,,Did not finish
Beijing,2022,Winter,Alpine Skiing,Men's Downhill,,NOR,,Did not start
Beijing,2022,Winter,Alpine Skiing,Men's Giant Slalom,1,SUI,2:09.35,
Beijing,2022,Winter,Alpine Skiing,Men's Giant Slalom,2,SLO,2:09.54,
Beijing,2022,Winter,Alpine Skiing,Men's Giant Slalom,3,FRA,2:10.69,
Beijing,2022,Winter,Alpine Skiing,Men's Giant Slalom,4,USA,2:10.95,
Beijing,2022,Winter,Alpine Skiing,Men's Giant Slalom,5,FRA,2:11.04,
Beijing,2022,Winter,Alpine Skiing,Men's Giant Slalom,5,FRA,2:11.04,
Beijing,2022,Winter,Alpine Skiing,Men's Giant Slalom,7,SUI,2:11.20,
Beijing,2022,Winter,Alpine Skiing,Men's Giant Slalom,8,NOR,2:11.25,
Beijing,2022,Winter,Alpine Skiing,Men's Giant Slalom,9,AND,2:11.28,
Beijing,2022,Winter,Alpine Skiing,Men's Giant Slalom,10,CRO,2:12.09,
Beijing,2022,Winter,Alpine Skiing,Men's Giant Slalom,11,AUT,2:12.39,
Beijing,2022,Winter,Alpine Skiing,Men's Giant Slalom,12,USA,2:12.41,
Beijing,2022,Winter,Alpine Skiing,Men's Giant Slalom,13,CAN,2:12.44,
Beijing,2022,Winter,Alpine Skiing,Men's Giant Slalom,14,AUT,2:12.47,
Beijing,2022,Winter,Alpine Skiing,Men's Giant Slalom,15,SVK,2:13.91,
Beijing,2022,Winter,Alpine Skiing,Men's Giant Slalom,16,SVK,2:14.31,
Beijing,2022,Winter,Alpine Skiing,Men's Giant Slalom,17,BUL,2:14.94,
Beijing,2022,Winter,Alpine Skiing,Men's Giant Slalom,18,NED,2:15.48,
Beijing,2022,Winter,Alpine Skiing,Men's Giant Slalom,19,CZE,2:15.56,
Beijing,2022,Winter,Alpine Skiing,Men's Giant Slalom,20,GER,2:16.22,
Beijing,2022,Winter,Alpine Skiing,Men's Giant Slalom,21,CRO,2:17.28,
Beijing,2022,Winter,Alpine Skiing,Men's Giant Slalom,22,ISR,2:17.93,
Beijing,2022,Winter,Alpine Skiing,Men's Giant Slalom,23,AUS,2:18.48,
Beijing,2022,Winter,Alpine Skiing,Men's Giant Slalom,24,CAN,2:19.08,
Beijing,2022,Winter,Alpine Skiing,Men's Giant Slalom,25,IRL,2:20.56,
Beijing,2022,Winter,Alpine Skiing,Men's Giant Slalom,26,LAT,2:22.63,
Beijing,2022,Winter,Alpine Skiing,Men's Giant Slalom,27,AUT,2:24.98,
Beijing,2022,Winter,Alpine Skiing,Men's Giant Slalom,28,LUX,2:26.54,
Beijing,2022,Winter,Alpine Skiing,Men's Giant Slalom,29,UZB,2:27.49,
Beijing,2022,Winter,Alpine Skiing,Men's Giant Slalom,30,KOS,2:29.85,
Beijing,2022,Winter,Alpine Skiing,Men's Giant Slalom,31,COL,2:30.02,
Beijing,2022,Winter,Alpine Skiing,Men's Giant Slalom,32,ROU,2:33.21,
Beijing,2022,Winter,Alpine Skiing,Men's Giant Slalom,33,CHN,2:33.22,
Beijing,2022,Winter,Alpine Skiing,Men's Giant Slalom,34,HUN,2:33.54,
Beijing,2022,Winter,Alpine Skiing,Men's Giant Slalom,35,MEX,2:34.59,
Beijing,2022,Winter,Alpine Skiing,Men's Giant Slalom,36,CHN,2:35.17,
Beijing,2022,Winter,Alpine Skiing,Men's Giant Slalom,37,POR,2:37.40,
Beijing,2022,Winter,Alpine Skiing,Men's Giant Slalom,38,THA,2:38.36,
Beijing,2022,Winter,Alpine Skiing,Men's Giant Slalom,39,ERI,2:40.45,
Beijing,2022,Winter,Alpine Skiing,Men's Giant Slalom,40,PUR,2:41.42,
Beijing,2022,Winter,Alpine Skiing,Men's Giant Slalom,41,MNE,2:41.54,
Beijing,2022,Winter,Alpine Skiing,Men's Giant Slalom,42,CYP,2:42.51,
Beijing,2022,Winter,Alpine Skiing,Men's Giant Slalom,43,TUR,2:42.72,
Beijing,2022,Winter,Alpine Skiing,Men's Giant Slalom,44,KSA,2:46.85,
Beijing,2022,Winter,Alpine Skiing,Men's Giant Slalom,45,IND,2:47.24,
Beijing,2022,Winter,Alpine Skiing,Men's Giant Slalom,46,JAM,3:18.52,
Beijing,2022,Winter,Alpine Skiing,Men's Giant Slalom,,ITA,,Did not finish
Beijing,2022,Winter,Alpine Skiing,Men's Giant Slalom,,AUT,,Did not finish
Beijing,2022,Winter,Alpine Skiing,Men's Giant Slalom,,NOR,,Did not finish
Beijing,2022,Winter,Alpine Skiing,Men's Giant Slalom,,SWE,,Did not finish
Beijing,2022,Winter,Alpine Skiing,Men's Giant Slalom,,LTU,,Did not finish
Beijing,2022,Winter,Alpine Skiing,Men's Giant Slalom,,BIH,,Did not finish
Beijing,2022,Winter,Alpine Skiing,Men's Giant Slalom,,TLS,,Did not finish
Beijing,2022,Winter,Alpine Skiing,Men's Giant Slalom,,SMR,,Disqualified
Beijing,2022,Winter,Alpine Skiing,Men's Giant Slalom,,GER,,Did not finish
Beijing,2022,Winter,Alpine Skiing,Men's Giant Slalom,,SUI,,Did not finish
Beijing,2022,Winter,Alpine Skiing,Men's Giant Slalom,,SUI,,Did not finish
Beijing,2022,Winter,Alpine Skiing,Men's Giant Slalom,,NOR,,Did not finish
Beijing,2022,Winter,Alpine Skiing,Men's Giant Slalom,,NOR,,Did not finish
Beijing,2022,Winter,Alpine Skiing,Men's Giant Slalom,,FRA,,Did not finish
Beijing,2022,Winter,Alpine Skiing,Men's Giant Slalom,,USA,,Did not finish
Beijing,2022,Winter,Alpine Skiing,Men's Giant Slalom,,ROC,,Did not finish
Beijing,2022,Winter,Alpine Skiing,Men's Giant Slalom,,ROC,,Did not finish
Beijing,2022,Winter,Alpine Skiing,Men's Giant Slalom,,BEL,,Did not finish
Beijing,2022,Winter,Alpine Skiing,Men's Giant Slalom,,FIN,,Did not finish
Beijing,2022,Winter,Alpine Skiing,Men's Giant Slalom,,KOR,,Did not finish
Beijing,2022,Winter,Alpine Skiing,Men's Giant Slalom,,ITA,,Did not finish
Beijing,2022,Winter,Alpine Skiing,Men's Giant Slalom,,CZE,,Did not finish
Beijing,2022,Winter,Alpine Skiing,Men's Giant Slalom,,BEL,,Did not finish
Beijing,2022,Winter,Alpine Skiing,Men's Giant Slalom,,USA,,Did not finish
Beijing,2022,Winter,Alpine Skiing,Men's Giant Slalom,,ITA,,Did not finish
Beijing,2022,Winter,Alpine Skiing,Men's Giant Slalom,,POL,,Did not finish
Beijing,2022,Winter,Alpine Skiing,Men's Giant Slalom,,EST,,Did not finish
Beijing,2022,Winter,Alpine Skiing,Men's Giant Slalom,,GER,,Did not finish
Beijing,2022,Winter,Alpine Skiing,Men's Giant Slalom,,ARG,,Did not finish
Beijing,2022,Winter,Alpine Skiing,Men's Giant Slalom,,POL,,Did not finish
Beijing,2022,Winter,Alpine Skiing,Men's Giant Slalom,,GEO,,Did not finish
Beijing,2022,Winter,Alpine Skiing,Men's Giant Slalom,,ALB,,Did not finish
Beijing,2022,Winter,Alpine Skiing,Men's Giant Slalom,,HKG,,Did not finish
Beijing,2022,Winter,Alpine Skiing,Men's Giant Slalom,,PHI,,Did not finish
Beijing,2022,Winter,Alpine Skiing,Men's Giant Slalom,,GRE,,Did not finish
Beijing,2022,Winter,Alpine Skiing,Men's Giant Slalom,,KAZ,,Did not finish
Beijing,2022,Winter,Alpine Skiing,Men's Giant Slalom,,HAI,,Did not finish
Beijing,2022,Winter,Alpine Skiing,Men's Giant Slalom,,LBN,,Did not finish
Beijing,2022,Winter,Alpine Skiing,Men's Giant Slalom,,GHA,,Did not finish
Beijing,2022,Winter,Alpine Skiing,Men's Giant Slalom,,MAR,,Did not finish
Beijing,2022,Winter,Alpine Skiing,Men's Giant Slalom,,MAD,,Did not finish
Beijing,2022,Winter,Alpine Skiing,Men's Giant Slalom,,BRA,,Did not start
Beijing,2022,Winter,Alpine Skiing,Men's Giant Slalom,,ARM,,Did not start
Beijing,2022,Winter,Alpine Skiing,Men's Slalom,1,FRA,1:44.09,
Beijing,2022,Winter,Alpine Skiing,Men's Slalom,2,AUT,1:44.70,
Beijing,2022,Winter,Alpine Skiing,Men's Slalom,3,NOR,1:44.79,
Beijing,2022,Winter,Alpine Skiing,Men's Slalom,4,NOR,1:44.88,
Beijing,2022,Winter,Alpine Skiing,Men's Slalom,5,SUI,1:44.89,
Beijing,2022,Winter,Alpine Skiing,Men's Slalom,6,SUI,1:44.95,
Beijing,2022,Winter,Alpine Skiing,Men's Slalom,7,GER,1:45.02,
Beijing,2022,Winter,Alpine Skiing,Men's Slalom,8,ITA,1:45.05,
Beijing,2022,Winter,Alpine Skiing,Men's Slalom,9,BUL,1:45.15,
Beijing,2022,Winter,Alpine Skiing,Men's Slalom,10,ROC,1:45.17,
Beijing,2022,Winter,Alpine Skiing,Men's Slalom,11,ITA,1:45.37,
Beijing,2022,Winter,Alpine Skiing,Men's Slalom,12,SUI,1:45.47,
Beijing,2022,Winter,Alpine Skiing,Men's Slalom,13,GBR,1:45.57,
Beijing,2022,Winter,Alpine Skiing,Men's Slalom,14,SUI,1:45.83,
Beijing,2022,Winter,Alpine Skiing,Men's Slalom,15,CRO,1:45.96,
Beijing,2022,Winter,Alpine Skiing,Men's Slalom,16,FRA,1:46.15,
Beijing,2022,Winter,Alpine Skiing,Men's Slalom,17,AUT,1:46.61,
Beijing,2022,Winter,Alpine Skiing,Men's Slalom,18,CRO,1:46.68,
Beijing,2022,Winter,Alpine Skiing,Men's Slalom,19,GER,1:47.03,
Beijing,2022,Winter,Alpine Skiing,Men's Slalom,20,CRO,1:47.36,
Beijing,2022,Winter,Alpine Skiing,Men's Slalom,21,KOR,1:47.69,
Beijing,2022,Winter,Alpine Skiing,Men's Slalom,22,BEL,1:47.85,
Beijing,2022,Winter,Alpine Skiing,Men's Slalom,23,ISR,1:48.71,
Beijing,2022,Winter,Alpine Skiing,Men's Slalom,24,CAN,1:49.10,
Beijing,2022,Winter,Alpine Skiing,Men's Slalom,25,SVK,1:51.01,
Beijing,2022,Winter,Alpine Skiing,Men's Slalom,26,ROC,1:51.17,
Beijing,2022,Winter,Alpine Skiing,Men's Slalom,27,BIH,1:52.80,
Beijing,2022,Winter,Alpine Skiing,Men's Slalom,28,ALB,1:53.28,
Beijing,2022,Winter,Alpine Skiing,Men's Slalom,29,GRE,1:54.29,
Beijing,2022,Winter,Alpine Skiing,Men's Slalom,30,DEN,1:57.27,
Beijing,2022,Winter,Alpine Skiing,Men's Slalom,31,NOR,1:57.35,
Beijing,2022,Winter,Alpine Skiing,Men's Slalom,32,GEO,1:57.89,
Beijing,2022,Winter,Alpine Skiing,Men's Slalom,33,HUN,1:57.97,
Beijing,2022,Winter,Alpine Skiing,Men's Slalom,34,HAI,1:59.99,
Beijing,2022,Winter,Alpine Skiing,Men's Slalom,35,ROU,2:00.42,
Beijing,2022,Winter,Alpine Skiing,Men's Slalom,36,KAZ,2:02.66,
Beijing,2022,Winter,Alpine Skiing,Men's Slalom,37,KOS,2:02.94,
Beijing,2022,Winter,Alpine Skiing,Men's Slalom,38,LBN,2:05.42,
Beijing,2022,Winter,Alpine Skiing,Men's Slalom,39,POR,2:06.31,
Beijing,2022,Winter,Alpine Skiing,Men's Slalom,40,THA,2:07.95,
Beijing,2022,Winter,Alpine Skiing,Men's Slalom,41,MAD,2:10.78,
Beijing,2022,Winter,Alpine Skiing,Men's Slalom,42,MNE,2:11.82,
Beijing,2022,Winter,Alpine Skiing,Men's Slalom,43,SMR,2:11.93,
Beijing,2022,Winter,Alpine Skiing,Men's Slalom,44,PUR,2:12.43,
Beijing,2022,Winter,Alpine Skiing,Men's Slalom,45,TLS,2:24.67,
Beijing,2022,Winter,Alpine Skiing,Men's Slalom,,AUT,,Did not finish
Beijing,2022,Winter,Alpine Skiing,Men's Slalom,,ITA,,Did not finish
Beijing,2022,Winter,Alpine Skiing,Men's Slalom,,BUL,,Did not finish
Beijing,2022,Winter,Alpine Skiing,Men's Slalom,,BEL,,Did not finish
Beijing,2022,Winter,Alpine Skiing,Men's Slalom,,SVK,,Did not finish
Beijing,2022,Winter,Alpine Skiing,Men's Slalom,,BRA,,Did not finish
Beijing,2022,Winter,Alpine Skiing,Men's Slalom,,POL,,Disqualified
Beijing,2022,Winter,Alpine Skiing,Men's Slalom,,AUT,,Did not finish
Beijing,2022,Winter,Alpine Skiing,Men's Slalom,,SWE,,Did not finish
Beijing,2022,Winter,Alpine Skiing,Men's Slalom,,NOR,,Did not finish
Beijing,2022,Winter,Alpine Skiing,Men's Slalom,,USA,,Did not finish
Beijing,2022,Winter,Alpine Skiing,Men's Slalom,,JPN,,Did not finish
Beijing,2022,Winter,Alpine Skiing,Men's Slalom,,ESP,,Did not finish
Beijing,2022,Winter,Alpine Skiing,Men's Slalom,,SLO,,Did not finish
Beijing,2022,Winter,Alpine Skiing,Men's Slalom,,GBR,,Did not finish
Beijing,2022,Winter,Alpine Skiing,Men's Slalom,,CZE,,Did not finish
Beijing,2022,Winter,Alpine Skiing,Men's Slalom,,CAN,,Did not finish
Beijing,2022,Winter,Alpine Skiing,Men's Slalom,,CZE,,Did not finish
Beijing,2022,Winter,Alpine Skiing,Men's Slalom,,GER,,Did not finish
Beijing,2022,Winter,Alpine Skiing,Men's Slalom,,ROC,,Did not finish
Beijing,2022,Winter,Alpine Skiing,Men's Slalom,,EST,,Did not finish
Beijing,2022,Winter,Alpine Skiing,Men's Slalom,,BEL,,Did not finish
Beijing,2022,Winter,Alpine Skiing,Men's Slalom,,AUS,,Did not finish
Beijing,2022,Winter,Alpine Skiing,Men's Slalom,,ISL,,Did not finish
Beijing,2022,Winter,Alpine Skiing,Men's Slalom,,LAT,,Did not finish
Beijing,2022,Winter,Alpine Skiing,Men's Slalom,,POL,,Did not finish
Beijing,2022,Winter,Alpine Skiing,Men's Slalom,,ARG,,Did not finish
Beijing,2022,Winter,Alpine Skiing,Men's Slalom,,LUX,,Did not finish
Beijing,2022,Winter,Alpine Skiing,Men's Slalom,,COL,,Did not finish
Beijing,2022,Winter,Alpine Skiing,Men's Slalom,,PHI,,Did not finish
Beijing,2022,Winter,Alpine Skiing,Men's Slalom,,UKR,,Did not finish
Beijing,2022,Winter,Alpine Skiing,Men's Slalom,,HKG,,Did not finish
Beijing,2022,Winter,Alpine Skiing,Men's Slalom,,CYP,,Did not finish
Beijing,2022,Winter,Alpine Skiing,Men's Slalom,,TPE,,Did not finish
Beijing,2022,Winter,Alpine Skiing,Men's Slalom,,TUR,,Did not finish
Beijing,2022,Winter,Alpine Skiing,Men's Slalom,,MAS,,Did not finish
Beijing,2022,Winter,Alpine Skiing,Men's Slalom,,IND,,Did not finish
Beijing,2022,Winter,Alpine Skiing,Men's Slalom,,KGZ,,Did not finish
Beijing,2022,Winter,Alpine Skiing,Men's Slalom,,CHN,,Did not finish
Beijing,2022,Winter,Alpine Skiing,Men's Slalom,,CHN,,Did not finish
Beijing,2022,Winter,Alpine Skiing,Men's Slalom,,PAK,,Did not finish
Beijing,2022,Winter,Alpine Skiing,Men's Slalom,,UZB,,Disqualified
Beijing,2022,Winter,Alpine Skiing,Men's Slalom,,LTU,,Did not start
Beijing,2022,Winter,Alpine Skiing,Men's Super-G,1,AUT,1:19.94,
Beijing,2022,Winter,Alpine Skiing,Men's Super-G,2,USA,1:19.98,
Beijing,2022,Winter,Alpine Skiing,Men's Super-G,3,NOR,1:20.36,
Beijing,2022,Winter,Alpine Skiing,Men's Super-G,4,NOR,1:20.68,
Beijing,2022,Winter,Alpine Skiing,Men's Super-G,5,AUT,1:20.70,
Beijing,2022,Winter,Alpine Skiing,Men's Super-G,6,CAN,1:20.79,
Beijing,2022,Winter,Alpine Skiing,Men's Super-G,7,GER,1:21.10,
Beijing,2022,Winter,Alpine Skiing,Men's Super-G,8,GER,1:21.21,
Beijing,2022,Winter,Alpine Skiing,Men's Super-G,9,FRA,1:21.26,
Beijing,2022,Winter,Alpine Skiing,Men's Super-G,10,CAN,1:21.34,
Beijing,2022,Winter,Alpine Skiing,Men's Super-G,11,FRA,1:21.36,
Beijing,2022,Winter,Alpine Skiing,Men's Super-G,12,USA,1:21.37,
Beijing,2022,Winter,Alpine Skiing,Men's Super-G,13,GER,1:21.52,
Beijing,2022,Winter,Alpine Skiing,Men's Super-G,14,SUI,1:21.57,
Beijing,2022,Winter,Alpine Skiing,Men's Super-G,15,USA,1:21.63,
Beijing,2022,Winter,Alpine Skiing,Men's Super-G,16,SUI,1:21.76,
Beijing,2022,Winter,Alpine Skiing,Men's Super-G,17,USA,1:21.80,
Beijing,2022,Winter,Alpine Skiing,Men's Super-G,18,ITA,1:22.16,
Beijing,2022,Winter,Alpine Skiing,Men's Super-G,18,GER,1:22.16,
Beijing,2022,Winter,Alpine Skiing,Men's Super-G,20,SLO,1:22.55,
Beijing,2022,Winter,Alpine Skiing,Men's Super-G,21,ITA,1:22.62,
Beijing,2022,Winter,Alpine Skiing,Men's Super-G,22,AND,1:22.92,
Beijing,2022,Winter,Alpine Skiing,Men's Super-G,23,NOR,1:23.00,
Beijing,2022,Winter,Alpine Skiing,Men's Super-G,24,SLO,1:23.08,
Beijing,2022,Winter,Alpine Skiing,Men's Super-G,25,CZE,1:23.09,
Beijing,2022,Winter,Alpine Skiing,Men's Super-G,26,FRA,1:23.24,
Beijing,2022,Winter,Alpine Skiing,Men's Super-G,27,CHI,1:23.55,
Beijing,2022,Winter,Alpine Skiing,Men's Super-G,28,LIE,1:23.66,
Beijing,2022,Winter,Alpine Skiing,Men's Super-G,29,NOR,1:24.15,
Beijing,2022,Winter,Alpine Skiing,Men's Super-G,30,ISR,1:24.28,
Beijing,2022,Winter,Alpine Skiing,Men's Super-G,31,MON,1:24.68,
Beijing,2022,Winter,Alpine Skiing,Men's Super-G,32,UKR,1:25.56,
Beijing,2022,Winter,Alpine Skiing,Men's Super-G,33,CHN,1:29.39,
Beijing,2022,Winter,Alpine Skiing,Men's Super-G,34,SRB,1:29.45,
Beijing,2022,Winter,Alpine Skiing,Men's Super-G,,FRA,,Did not finish
Beijing,2022,Winter,Alpine Skiing,Men's Super-G,,SUI,,Did not finish
Beijing,2022,Winter,Alpine Skiing,Men's Super-G,,SUI,,Did not finish
Beijing,2022,Winter,Alpine Skiing,Men's Super-G,,ITA,,Did not finish
Beijing,2022,Winter,Alpine Skiing,Men's Super-G,,AUT,,Did not finish
Beijing,2022,Winter,Alpine Skiing,Men's Super-G,,AUT,,Did not finish
Beijing,2022,Winter,Alpine Skiing,Men's Super-G,,CAN,,Did not finish
Beijing,2022,Winter,Alpine Skiing,Men's Super-G,,CAN,,Did not finish
Beijing,2022,Winter,Alpine Skiing,Men's Super-G,,SLO,,Did not finish
Beijing,2022,Winter,Alpine Skiing,Men's Super-G,,IRL,,Did not finish
Beijing,2022,Winter,Alpine Skiing,Men's Super-G,,ESP,,Did not finish
Beijing,2022,Winter,Alpine Skiing,Men's Super-G,,BOL,,Did not finish
Beijing,2022,Winter,Alpine Skiing,Men's Super-G,,CHN,,Did not finish
Beijing,2022,Winter,Alpine Skiing,Mixed Team Parallel,1,Austria,,
Beijing,2022,Winter,Alpine Skiing,Mixed Team Parallel,2,Germany,,
Beijing,2022,Winter,Alpine Skiing,Mixed Team Parallel,3,Norway,,
Beijing,2022,Winter,Alpine Skiing,Mixed Team Parallel,4,United States of America,,
Beijing,2022,Winter,Alpine Skiing,Mixed Team Parallel,5,France,,
Beijing,2022,Winter,Alpine Skiing,Mixed Team Parallel,6,Switzerland,,
Beijing,2022,Winter,Alpine Skiing,Mixed Team Parallel,7,Slovenia,,
Beijing,2022,Winter,Alpine Skiing,Mixed Team Parallel,8,Italy,,
Beijing,2022,Winter,Alpine Skiing,Mixed Team Parallel,9,Canada,,
Beijing,2022,Winter,Alpine Skiing,Mixed Team Parallel,10,Poland,,
Beijing,2022,Winter,Alpine Skiing,Mixed Team Parallel,11,ROC,,
Beijing,2022,Winter,Alpine Skiing,Mixed Team Parallel,12,Slovakia,,
Beijing,2022,Winter,Alpine Skiing,Mixed Team Parallel,13,Sweden,,
Beijing,2022,Winter,Alpine Skiing,Mixed Team Parallel,14,Czech Republic,,
Beijing,2022,Winter,Alpine Skiing,Mixed Team Parallel,15,People's Republic of China,,
Beijing,2022,Winter,Alpine Skiing,Women's Alpine Combined,1,SUI,2:25.67,
Beijing,2022,Winter,Alpine Skiing,Women's Alpine Combined,2,SUI,2:26.72,
Beijing,2022,Winter,Alpine Skiing,Women's Alpine Combined,3,ITA,2:27.52,
Beijing,2022,Winter,Alpine Skiing,Women's Alpine Combined,4,CZE,2:28.32,
Beijing,2022,Winter,Alpine Skiing,Women's Alpine Combined,5,AUT,2:28.80,
Beijing,2022,Winter,Alpine Skiing,Women's Alpine Combined,6,AUT,2:29.25,
Beijing,2022,Winter,Alpine Skiing,Women's Alpine Combined,7,AUT,2:29.69,
Beijing,2022,Winter,Alpine Skiing,Women's Alpine Combined,8,FRA,2:30.04,
Beijing,2022,Winter,Alpine Skiing,Women's Alpine Combined,9,SLO,2:30.12,
Beijing,2022,Winter,Alpine Skiing,Women's Alpine Combined,10,ROC,2:30.70,
Beijing,2022,Winter,Alpine Skiing,Women's Alpine Combined,11,USA,2:32.94,
Beijing,2022,Winter,Alpine Skiing,Women's Alpine Combined,12,AND,2:34.34,
Beijing,2022,Winter,Alpine Skiing,Women's Alpine Combined,13,AUS,2:34.55,
Beijing,2022,Winter,Alpine Skiing,Women's Alpine Combined,14,CZE,2:35.46,
Beijing,2022,Winter,Alpine Skiing,Women's Alpine Combined,15,CHN,2:47.68,
Beijing,2022,Winter,Alpine Skiing,Women's Alpine Combined,,USA,,Did not finish
Beijing,2022,Winter,Alpine Skiing,Women's Alpine Combined,,ITA,,Did not finish
Beijing,2022,Winter,Alpine Skiing,Women's Alpine Combined,,USA,,Did not finish
Beijing,2022,Winter,Alpine Skiing,Women's Alpine Combined,,USA,,Did not finish
Beijing,2022,Winter,Alpine Skiing,Women's Alpine Combined,,FRA,,Did not finish
Beijing,2022,Winter,Alpine Skiing,Women's Alpine Combined,,ITA,,Did not finish
Beijing,2022,Winter,Alpine Skiing,Women's Alpine Combined,,SUI,,Did not finish
Beijing,2022,Winter,Alpine Skiing,Women's Alpine Combined,,BIH,,Did not finish
Beijing,2022,Winter,Alpine Skiing,Women's Alpine Combined,,SRB,,Disqualified
Beijing,2022,Winter,Alpine Skiing,Women's Alpine Combined,,ITA,,Did not finish
Beijing,2022,Winter,Alpine Skiing,Women's Alpine Combined,,CAN,,Did not finish
Beijing,2022,Winter,Alpine Skiing,Women's Downhill,1,SUI,1:31.87,
Beijing,2022,Winter,Alpine Skiing,Women's Downhill,2,ITA,1:32.03,
Beijing,2022,Winter,Alpine Skiing,Women's Downhill,3,ITA,1:32.44,
Beijing,2022,Winter,Alpine Skiing,Women's Downhill,4,GER,1:32.58,
Beijing,2022,Winter,Alpine Skiing,Women's Downhill,5,ITA,1:32.87,
Beijing,2022,Winter,Alpine Skiing,Women's Downhill,6,SUI,1:33.16,
Beijing,2022,Winter,Alpine Skiing,Women's Downhill,7,AUT,1:33.35,
Beijing,2022,Winter,Alpine Skiing,Women's Downhill,8,AUT,1:33.45,
Beijing,2022,Winter,Alpine Skiing,Women's Downhill,8,CAN,1:33.45,
Beijing,2022,Winter,Alpine Skiing,Women's Downhill,10,FRA,1:33.47,
Beijing,2022,Winter,Alpine Skiing,Women's Downhill,11,ITA,1:33.69,
Beijing,2022,Winter,Alpine Skiing,Women's Downhill,12,AUT,1:33.81,
Beijing,2022,Winter,Alpine Skiing,Women's Downhill,13,FRA,1:33.93,
Beijing,2022,Winter,Alpine Skiing,Women's Downhill,14,NOR,1:33.97,
Beijing,2022,Winter,Alpine Skiing,Women's Downhill,15,SUI,1:34.00,
Beijing,2022,Winter,Alpine Skiing,Women's Downhill,16,SUI,1:34.03,
Beijing,2022,Winter,Alpine Skiing,Women's Downhill,17,USA,1:34.13,
Beijing,2022,Winter,Alpine Skiing,Women's Downhill,18,USA,1:34.36,
Beijing,2022,Winter,Alpine Skiing,Women's Downhill,19,AUT,1:34.39,
Beijing,2022,Winter,Alpine Skiing,Women's Downhill,20,ROC,1:34.48,
Beijing,2022,Winter,Alpine Skiing,Women's Downhill,21,USA,1:34.60,
Beijing,2022,Winter,Alpine Skiing,Women's Downhill,22,SLO,1:34.88,
Beijing,2022,Winter,Alpine Skiing,Women's Downhill,23,SLO,1:34.99,
Beijing,2022,Winter,Alpine Skiing,Women's Downhill,24,CAN,1:35.36,
Beijing,2022,Winter,Alpine Skiing,Women's Downhill,25,NZL,1:35.57,
Beijing,2022,Winter,Alpine Skiing,Women's Downhill,26,AUS,1:36.53,
Beijing,2022,Winter,Alpine Skiing,Women's Downhill,27,CZE,1:38.18,
Beijing,2022,Winter,Alpine Skiing,Women's Downhill,28,CZE,1:39.38,
Beijing,2022,Winter,Alpine Skiing,Women's Downhill,29,CZE,1:39.50,
Beijing,2022,Winter,Alpine Skiing,Women's Downhill,30,SRB,1:40.73,
Beijing,2022,Winter,Alpine Skiing,Women's Downhill,31,CHN,1:44.53,
Beijing,2022,Winter,Alpine Skiing,Women's Downhill,,USA,,Did not finish
Beijing,2022,Winter,Alpine Skiing,Women's Downhill,,FRA,,Did not finish
Beijing,2022,Winter,Alpine Skiing,Women's Downhill,,BIH,,Did not finish
Beijing,2022,Winter,Alpine Skiing,Women's Downhill,,FRA,,Did not finish
Beijing,2022,Winter,Alpine Skiing,Women's Downhill,,AND,,Did not finish
Beijing,2022,Winter,Alpine Skiing,Women's Giant Slalom,1,SWE,1:55.69,
Beijing,2022,Winter,Alpine Skiing,Women's Giant Slalom,2,ITA,1:55.97,
Beijing,2022,Winter,Alpine Skiing,Women's Giant Slalom,3,SUI,1:56.41,
Beijing,2022,Winter,Alpine Skiing,Women's Giant Slalom,4,AUT,1:56.49,
Beijing,2022,Winter,Alpine Skiing,Women's Giant Slalom,5,NOR,1:56.65,
Beijing,2022,Winter,Alpine Skiing,Women's Giant Slalom,6,NOR,1:56.89,
Beijing,2022,Winter,Alpine Skiing,Women's Giant Slalom,7,SLO,1:57.04,
Beijing,2022,Winter,Alpine Skiing,Women's Giant Slalom,8,POL,1:57.11,
Beijing,2022,Winter,Alpine Skiing,Women's Giant Slalom,9,SUI,1:57.32,
Beijing,2022,Winter,Alpine Skiing,Women's Giant Slalom,10,SUI,1:57.55,
Beijing,2022,Winter,Alpine Skiing,Women's Giant Slalom,11,SLO,1:57.89,
Beijing,2022,Winter,Alpine Skiing,Women's Giant Slalom,12,USA,1:58.07,
Beijing,2022,Winter,Alpine Skiing,Women's Giant Slalom,12,NOR,1:58.07,
Beijing,2022,Winter,Alpine Skiing,Women's Giant Slalom,14,SVK,1:58.15,
Beijing,2022,Winter,Alpine Skiing,Women's Giant Slalom,15,AUT,1:58.24,
Beijing,2022,Winter,Alpine Skiing,Women's Giant Slalom,16,SUI,1:58.43,
Beijing,2022,Winter,Alpine Skiing,Women's Giant Slalom,17,FRA,1:58.60,
Beijing,2022,Winter,Alpine Skiing,Women's Giant Slalom,18,SLO,1:58.90,
Beijing,2022,Winter,Alpine Skiing,Women's Giant Slalom,19,FRA,1:59.33,
Beijing,2022,Winter,Alpine Skiing,Women's Giant Slalom,20,ITA,1:59.91,
Beijing,2022,Winter,Alpine Skiing,Women's Giant Slalom,21,GER,2:00.52,
Beijing,2022,Winter,Alpine Skiing,Women's Giant Slalom,22,GBR,2:00.82,
Beijing,2022,Winter,Alpine Skiing,Women's Giant Slalom,22,NZL,2:00.82,
Beijing,2022,Winter,Alpine Skiing,Women's Giant Slalom,24,JPN,2:00.99,
Beijing,2022,Winter,Alpine Skiing,Women's Giant Slalom,25,ROC,2:02.41,
Beijing,2022,Winter,Alpine Skiing,Women's Giant Slalom,26,POL,2:02.85,
Beijing,2022,Winter,Alpine Skiing,Women's Giant Slalom,27,ROC,2:03.32,
Beijing,2022,Winter,Alpine Skiing,Women's Giant Slalom,28,CRO,2:03.77,
Beijing,2022,Winter,Alpine Skiing,Women's Giant Slalom,29,ARG,2:04.00,
Beijing,2022,Winter,Alpine Skiing,Women's Giant Slalom,30,POL,2:05.15,
Beijing,2022,Winter,Alpine Skiing,Women's Giant Slalom,31,JPN,2:06.77,
Beijing,2022,Winter,Alpine Skiing,Women's Giant Slalom,32,ROC,2:07.20,
Beijing,2022,Winter,Alpine Skiing,Women's Giant Slalom,33,KOR,2:07.22,
Beijing,2022,Winter,Alpine Skiing,Women's Giant Slalom,34,GEO,2:09.87,
Beijing,2022,Winter,Alpine Skiing,Women's Giant Slalom,35,EST,2:10.44,
Beijing,2022,Winter,Alpine Skiing,Women's Giant Slalom,36,BUL,2:11.46,
Beijing,2022,Winter,Alpine Skiing,Women's Giant Slalom,37,MEX,2:11.95,
Beijing,2022,Winter,Alpine Skiing,Women's Giant Slalom,38,MAS,2:12.28,
Beijing,2022,Winter,Alpine Skiing,Women's Giant Slalom,39,UKR,2:12.33,
Beijing,2022,Winter,Alpine Skiing,Women's Giant Slalom,40,CHN,2:15.42,
Beijing,2022,Winter,Alpine Skiing,Women's Giant Slalom,41,MAD,2:16.02,
Beijing,2022,Winter,Alpine Skiing,Women's Giant Slalom,42,CHI,2:16.32,
Beijing,2022,Winter,Alpine Skiing,Women's Giant Slalom,43,POR,2:16.92,
Beijing,2022,Winter,Alpine Skiing,Women's Giant Slalom,44,CHN,2:17.06,
Beijing,2022,Winter,Alpine Skiing,Women's Giant Slalom,45,ROU,2:18.50,
Beijing,2022,Winter,Alpine Skiing,Women's Giant Slalom,46,PER,2:24.05,
Beijing,2022,Winter,Alpine Skiing,Women's Giant Slalom,47,SMR,2:29.26,
Beijing,2022,Winter,Alpine Skiing,Women's Giant Slalom,48,TUR,2:30.73,
Beijing,2022,Winter,Alpine Skiing,Women's Giant Slalom,49,KOS,2:42.19,
Beijing,2022,Winter,Alpine Skiing,Women's Giant Slalom,,FRA,,Did not finish
Beijing,2022,Winter,Alpine Skiing,Women's Giant Slalom,,AUT,,Did not finish
Beijing,2022,Winter,Alpine Skiing,Women's Giant Slalom,,SLO,,Did not finish
Beijing,2022,Winter,Alpine Skiing,Women's Giant Slalom,,SWE,,Did not finish
Beijing,2022,Winter,Alpine Skiing,Women's Giant Slalom,,SWE,,Did not finish
Beijing,2022,Winter,Alpine Skiing,Women's Giant Slalom,,ESP,,Did not finish
Beijing,2022,Winter,Alpine Skiing,Women's Giant Slalom,,ISR,,Did not finish
Beijing,2022,Winter,Alpine Skiing,Women's Giant Slalom,,SVK,,Did not finish
Beijing,2022,Winter,Alpine Skiing,Women's Giant Slalom,,LBN,,Did not finish
Beijing,2022,Winter,Alpine Skiing,Women's Giant Slalom,,ECU,,Did not finish
Beijing,2022,Winter,Alpine Skiing,Women's Giant Slalom,,USA,,Disqualified
Beijing,2022,Winter,Alpine Skiing,Women's Giant Slalom,,ITA,,Did not finish
Beijing,2022,Winter,Alpine Skiing,Women's Giant Slalom,,USA,,Did not finish
Beijing,2022,Winter,Alpine Skiing,Women's Giant Slalom,,NOR,,Did not finish
Beijing,2022,Winter,Alpine Skiing,Women's Giant Slalom,,CAN,,Did not finish
Beijing,2022,Winter,Alpine Skiing,Women's Giant Slalom,,AUT,,Did not finish
Beijing,2022,Winter,Alpine Skiing,Women's Giant Slalom,,USA,,Did not finish
Beijing,2022,Winter,Alpine Skiing,Women's Giant Slalom,,NED,,Did not finish
Beijing,2022,Winter,Alpine Skiing,Women's Giant Slalom,,FIN,,Did not finish
Beijing,2022,Winter,Alpine Skiing,Women's Giant Slalom,,FIN,,Did not finish
Beijing,2022,Winter,Alpine Skiing,Women's Giant Slalom,,CAN,,Did not finish
Beijing,2022,Winter,Alpine Skiing,Women's Giant Slalom,,KOR,,Did not finish
Beijing,2022,Winter,Alpine Skiing,Women's Giant Slalom,,CZE,,Did not finish
Beijing,2022,Winter,Alpine Skiing,Women's Giant Slalom,,HUN,,Did not finish
Beijing,2022,Winter,Alpine Skiing,Women's Giant Slalom,,ISL,,Did not finish
Beijing,2022,Winter,Alpine Skiing,Women's Giant Slalom,,LUX,,Did not finish
Beijing,2022,Winter,Alpine Skiing,Women's Giant Slalom,,IRL,,Did not finish
Beijing,2022,Winter,Alpine Skiing,Women's Giant Slalom,,GRE,,Did not finish
Beijing,2022,Winter,Alpine Skiing,Women's Giant Slalom,,THA,,Did not finish
Beijing,2022,Winter,Alpine Skiing,Women's Giant Slalom,,MNE,,Did not finish
Beijing,2022,Winter,Alpine Skiing,Women's Giant Slalom,,BIH,,Disqualified
Beijing,2022,Winter,Alpine Skiing,Women's Giant Slalom,,CRO,,Did not start
Beijing,2022,Winter,Alpine Skiing,Women's Giant Slalom,,POL,,Did not start
Beijing,2022,Winter,Alpine Skiing,Women's Slalom,1,SVK,1:44.98,
Beijing,2022,Winter,Alpine Skiing,Women's Slalom,2,AUT,1:45.06,
Beijing,2022,Winter,Alpine Skiing,Women's Slalom,3,SUI,1:45.10,
Beijing,2022,Winter,Alpine Skiing,Women's Slalom,4,GER,1:45.17,
Beijing,2022,Winter,Alpine Skiing,Women's Slalom,5,SLO,1:45.20,
Beijing,2022,Winter,Alpine Skiing,Women's Slalom,6,SUI,1:45.58,
Beijing,2022,Winter,Alpine Skiing,Women's Slalom,7,SUI,1:45.75,
Beijing,2022,Winter,Alpine Skiing,Women's Slalom,8,USA,1:46.18,
Beijing,2022,Winter,Alpine Skiing,Women's Slalom,9,SWE,1:46.31,
Beijing,2022,Winter,Alpine Skiing,Women's Slalom,10,SUI,1:46.64,
Beijing,2022,Winter,Alpine Skiing,Women's Slalom,11,SLO,1:46.67,
Beijing,2022,Winter,Alpine Skiing,Women's Slalom,12,AUT,1:46.92,
Beijing,2022,Winter,Alpine Skiing,Women's Slalom,13,CZE,1:47.03,
Beijing,2022,Winter,Alpine Skiing,Women's Slalom,14,AUT,1:47.33,
Beijing,2022,Winter,Alpine Skiing,Women's Slalom,15,NOR,1:47.48,
Beijing,2022,Winter,Alpine Skiing,Women's Slalom,16,CAN,1:47.52,
Beijing,2022,Winter,Alpine Skiing,Women's Slalom,17,CAN,1:47.57,
Beijing,2022,Winter,Alpine Skiing,Women's Slalom,18,GER,1:47.59,
Beijing,2022,Winter,Alpine Skiing,Women's Slalom,19,FRA,1:47.86,
Beijing,2022,Winter,Alpine Skiing,Women's Slalom,20,BLR,1:47.89,
Beijing,2022,Winter,Alpine Skiing,Women's Slalom,21,GBR,1:47.96,
Beijing,2022,Winter,Alpine Skiing,Women's Slalom,21,CAN,1:47.96,
Beijing,2022,Winter,Alpine Skiing,Women's Slalom,23,CRO,1:48.42,
Beijing,2022,Winter,Alpine Skiing,Women's Slalom,24,SWE,1:48.70,
Beijing,2022,Winter,Alpine Skiing,Women's Slalom,25,CRO,1:48.91,
Beijing,2022,Winter,Alpine Skiing,Women's Slalom,26,USA,1:49.31,
Beijing,2022,Winter,Alpine Skiing,Women's Slalom,27,CAN,1:49.32,
Beijing,2022,Winter,Alpine Skiing,Women's Slalom,28,SWE,1:49.33,
Beijing,2022,Winter,Alpine Skiing,Women's Slalom,29,ITA,1:49.78,
Beijing,2022,Winter,Alpine Skiing,Women's Slalom,30,ITA,1:50.53,
Beijing,2022,Winter,Alpine Skiing,Women's Slalom,31,ROC,1:50.68,
Beijing,2022,Winter,Alpine Skiing,Women's Slalom,32,CZE,1:51.24,
Beijing,2022,Winter,Alpine Skiing,Women's Slalom,33,ROC,1:51.50,
Beijing,2022,Winter,Alpine Skiing,Women's Slalom,34,USA,1:52.19,
Beijing,2022,Winter,Alpine Skiing,Women's Slalom,35,JPN,1:52.73,
Beijing,2022,Winter,Alpine Skiing,Women's Slalom,36,ROC,1:52.74,
Beijing,2022,Winter,Alpine Skiing,Women's Slalom,37,FIN,1:52.97,
Beijing,2022,Winter,Alpine Skiing,Women's Slalom,38,ISL,1:53.87,
Beijing,2022,Winter,Alpine Skiing,Women's Slalom,39,KOR,1:54.11,
Beijing,2022,Winter,Alpine Skiing,Women's Slalom,40,HUN,1:55.86,
Beijing,2022,Winter,Alpine Skiing,Women's Slalom,41,ISR,1:57.34,
Beijing,2022,Winter,Alpine Skiing,Women's Slalom,42,GEO,2:00.48,
Beijing,2022,Winter,Alpine Skiing,Women's Slalom,43,MAD,2:02.88,
Beijing,2022,Winter,Alpine Skiing,Women's Slalom,44,PER,2:04.59,
Beijing,2022,Winter,Alpine Skiing,Women's Slalom,45,BIH,2:04.65,
Beijing,2022,Winter,Alpine Skiing,Women's Slalom,46,LBN,2:05.65,
Beijing,2022,Winter,Alpine Skiing,Women's Slalom,47,CHN,2:11.95,
Beijing,2022,Winter,Alpine Skiing,Women's Slalom,48,IRL,2:14.61,
Beijing,2022,Winter,Alpine Skiing,Women's Slalom,49,TUR,2:18.92,
Beijing,2022,Winter,Alpine Skiing,Women's Slalom,50,TPE,2:46.04,
Beijing,2022,Winter,Alpine Skiing,Women's Slalom,,SWE,,Did not finish
Beijing,2022,Winter,Alpine Skiing,Women's Slalom,,NOR,,Did not finish
Beijing,2022,Winter,Alpine Skiing,Women's Slalom,,ITA,,Did not finish
Beijing,2022,Winter,Alpine Skiing,Women's Slalom,,CZE,,Did not finish
Beijing,2022,Winter,Alpine Skiing,Women's Slalom,,POR,,Did not finish
Beijing,2022,Winter,Alpine Skiing,Women's Slalom,,BUL,,Did not finish
Beijing,2022,Winter,Alpine Skiing,Women's Slalom,,LAT,,Did not finish
Beijing,2022,Winter,Alpine Skiing,Women's Slalom,,IRI,,Did not finish
Beijing,2022,Winter,Alpine Skiing,Women's Slalom,,USA,,Did not finish
Beijing,2022,Winter,Alpine Skiing,Women's Slalom,,AUT,,Did not finish
Beijing,2022,Winter,Alpine Skiing,Women's Slalom,,NOR,,Did not finish
Beijing,2022,Winter,Alpine Skiing,Women's Slalom,,SLO,,Did not finish
Beijing,2022,Winter,Alpine Skiing,Women's Slalom,,SLO,,Did not finish
Beijing,2022,Winter,Alpine Skiing,Women's Slalom,,JPN,,Did not finish
Beijing,2022,Winter,Alpine Skiing,Women's Slalom,,FIN,,Did not finish
Beijing,2022,Winter,Alpine Skiing,Women's Slalom,,GBR,,Did not finish
Beijing,2022,Winter,Alpine Skiing,Women's Slalom,,CRO,,Did not finish
Beijing,2022,Winter,Alpine Skiing,Women's Slalom,,EST,,Did not finish
Beijing,2022,Winter,Alpine Skiing,Women's Slalom,,POL,,Did not finish
Beijing,2022,Winter,Alpine Skiing,Women's Slalom,,AUS,,Did not finish
Beijing,2022,Winter,Alpine Skiing,Women's Slalom,,KOR,,Did not finish
Beijing,2022,Winter,Alpine Skiing,Women's Slalom,,FIN,,Did not finish
Beijing,2022,Winter,Alpine Skiing,Women's Slalom,,ARG,,Did not finish
Beijing,2022,Winter,Alpine Skiing,Women's Slalom,,POL,,Did not finish
Beijing,2022,Winter,Alpine Skiing,Women's Slalom,,SVK,,Did not finish
Beijing,2022,Winter,Alpine Skiing,Women's Slalom,,LUX,,Did not finish
Beijing,2022,Winter,Alpine Skiing,Women's Slalom,,GRE,,Did not finish
Beijing,2022,Winter,Alpine Skiing,Women's Slalom,,THA,,Did not finish
Beijing,2022,Winter,Alpine Skiing,Women's Slalom,,MAS,,Did not finish
Beijing,2022,Winter,Alpine Skiing,Women's Slalom,,CHI,,Did not finish
Beijing,2022,Winter,Alpine Skiing,Women's Slalom,,UKR,,Did not finish
Beijing,2022,Winter,Alpine Skiing,Women's Slalom,,CHN,,Did not finish
Beijing,2022,Winter,Alpine Skiing,Women's Slalom,,MNE,,Did not finish
Beijing,2022,Winter,Alpine Skiing,Women's Slalom,,ROU,,Did not finish
Beijing,2022,Winter,Alpine Skiing,Women's Slalom,,LTU,,Did not finish
Beijing,2022,Winter,Alpine Skiing,Women's Slalom,,KAZ,,Did not finish
Beijing,2022,Winter,Alpine Skiing,Women's Slalom,,HKG,,Did not finish
Beijing,2022,Winter,Alpine Skiing,Women's Slalom,,SMR,,Did not finish
